startTime,requestType,latency,responseCode
1730503812915,POST,1205,201
1730503812869,POST,1251,201
1730503812888,POST,1232,201
1730503812905,POST,1215,201
1730503812892,POST,1228,201
1730503812860,POST,1260,201
1730503812881,POST,1239,201
1730503812890,POST,1230,201
1730503812894,POST,1226,201
1730503812924,POST,1196,201
1730503812868,POST,1252,201
1730503812876,POST,1244,201
1730503812921,POST,1198,201
1730503812908,POST,1211,201
1730503812874,POST,1246,201
1730503812886,POST,1233,201
1730503812923,POST,1196,201
1730503812858,POST,1261,201
1730503812863,POST,1257,201
1730503812873,POST,1247,201
1730503812871,POST,1249,201
1730503812912,POST,1207,201
1730503812897,POST,1222,201
1730503812895,POST,1225,201
1730503812899,POST,1221,201
1730503812861,POST,1259,201
1730503812918,POST,1202,201
1730503812903,POST,1217,201
1730503812865,POST,1255,201
1730503812858,POST,1262,201
1730503812866,POST,1254,201
1730503812884,POST,1236,201
1730503814132,POST,122,201
1730503814133,POST,121,201
1730503814133,POST,122,201
1730503814132,POST,127,201
1730503814132,POST,127,201
1730503814133,POST,126,201
1730503814132,POST,127,201
1730503814134,POST,126,201
1730503814133,POST,127,201
1730503814135,POST,127,201
1730503814134,POST,128,201
1730503814134,POST,130,201
1730503814133,POST,131,201
1730503814134,POST,132,201
1730503814134,POST,132,201
1730503814133,POST,133,201
1730503814132,POST,135,201
1730503814135,POST,132,201
1730503814133,POST,136,201
1730503814133,POST,137,201
1730503814133,POST,137,201
1730503814134,POST,138,201
1730503814135,POST,137,201
1730503814132,POST,140,201
1730503814132,POST,141,201
1730503814132,POST,143,201
1730503814133,POST,147,201
1730503814132,POST,148,201
1730503814133,POST,148,201
1730503814132,POST,166,201
1730503814255,POST,70,201
1730503814133,POST,192,201
1730503814259,POST,66,201
1730503814259,POST,89,201
1730503814264,POST,84,201
1730503814262,POST,86,201
1730503814259,POST,89,201
1730503814266,POST,82,201
1730503814255,POST,93,201
1730503814260,POST,88,201
1730503814259,POST,89,201
1730503814260,POST,88,201
1730503814267,POST,81,201
1730503814266,POST,82,201
1730503814255,POST,93,201
1730503814266,POST,82,201
1730503814281,POST,67,201
1730503814272,POST,76,201
1730503814273,POST,80,201
1730503814272,POST,81,201
1730503814270,POST,83,201
1730503814269,POST,84,201
1730503814267,POST,86,201
1730503814280,POST,75,201
1730503814272,POST,83,201
1730503814275,POST,80,201
1730503814264,POST,91,201
1730503814262,POST,93,201
1730503814133,POST,223,201
1730503814299,POST,60,201
1730503814270,POST,91,201
1730503814280,POST,81,201
1730503814325,POST,39,201
1730503814325,POST,41,201
1730503814325,POST,42,201
1730503814348,POST,24,201
1730503814348,POST,31,201
1730503814348,POST,33,201
1730503814349,POST,33,201
1730503814348,POST,36,201
1730503814348,POST,37,201
1730503814385,POST,275,201
1730503814348,POST,313,201
1730503814348,POST,313,201
1730503814355,POST,306,201
1730503814384,POST,277,201
1730503814372,POST,289,201
1730503814355,POST,306,201
1730503814348,POST,313,201
1730503814355,POST,306,201
1730503814381,POST,280,201
1730503814355,POST,306,201
1730503814353,POST,308,201
1730503814364,POST,297,201
1730503814348,POST,313,201
1730503814348,POST,313,201
1730503814382,POST,280,201
1730503814359,POST,302,201
1730503814356,POST,306,201
1730503814379,POST,283,201
1730503814348,POST,314,201
1730503814362,POST,300,201
1730503814353,POST,309,201
1730503814349,POST,313,201
1730503814355,POST,327,201
1730503814367,POST,315,201
1730503814366,POST,316,201
1730503814353,POST,329,201
1730503814348,POST,334,201
1730503814348,POST,334,201
1730503814361,POST,321,201
1730503814353,POST,329,201
1730503814353,POST,329,201
1730503814661,POST,87,201
1730503814662,POST,87,201
1730503814662,POST,89,201
1730503814662,POST,89,201
1730503814661,POST,92,201
1730503814661,POST,93,201
1730503814662,POST,94,201
1730503814661,POST,95,201
1730503814662,POST,96,201
1730503814661,POST,97,201
1730503814682,POST,76,201
1730503814661,POST,99,201
1730503814682,POST,79,201
1730503814661,POST,100,201
1730503814661,POST,101,201
1730503814682,POST,80,201
1730503814661,POST,103,201
1730503814661,POST,103,201
1730503814662,POST,103,201
1730503814661,POST,104,201
1730503814662,POST,105,201
1730503814682,POST,85,201
1730503814682,POST,85,201
1730503814682,POST,86,201
1730503814682,POST,86,201
1730503814682,POST,88,201
1730503814682,POST,89,201
1730503814661,POST,110,201
1730503814661,POST,110,201
1730503814661,POST,112,201
1730503814661,POST,113,201
1730503814662,POST,112,201
1730503814774,POST,39,201
1730503814751,POST,63,201
1730503814751,POST,64,201
1730503814756,POST,61,201
1730503814758,POST,60,201
1730503814756,POST,63,201
1730503814758,POST,61,201
1730503814761,POST,59,201
1730503814758,POST,62,201
1730503814760,POST,62,201
1730503814761,POST,61,201
1730503814762,POST,60,201
1730503814767,POST,56,201
1730503814764,POST,60,201
1730503814764,POST,61,201
1730503814765,POST,60,201
1730503814765,POST,60,201
1730503814754,POST,73,201
1730503814748,POST,79,201
1730503814762,POST,66,201
1730503814773,POST,55,201
1730503814771,POST,59,201
1730503814774,POST,56,201
1730503814771,POST,60,201
1730503814767,POST,64,201
1730503814768,POST,64,201
1730503814768,POST,64,201
1730503814767,POST,68,201
1730503814813,POST,26,201
1730503814820,POST,312,201
1730503814749,POST,383,201
1730503814819,POST,313,201
1730503814823,POST,309,201
1730503814822,POST,310,201
1730503814827,POST,305,201
1730503814825,POST,307,201
1730503814828,POST,304,201
1730503814814,POST,318,201
1730503814822,POST,310,201
1730503814822,POST,310,201
1730503814770,POST,362,201
1730503814818,POST,314,201
1730503814771,POST,361,201
1730503814815,POST,317,201
1730503814753,POST,379,201
1730503814824,POST,309,201
1730503814830,POST,303,201
1730503814832,POST,301,201
1730503814819,POST,314,201
1730503814832,POST,301,201
1730503814839,POST,294,201
1730503814825,POST,308,201
1730503814825,POST,308,201
1730503814830,POST,303,201
1730503814817,POST,316,201
1730503814827,POST,306,201
1730503814820,POST,313,201
1730503814831,POST,326,201
1730503814828,POST,329,201
1730503814831,POST,326,201
1730503814835,POST,322,201
1730503815132,POST,77,201
1730503815133,POST,77,201
1730503815133,POST,78,201
1730503815132,POST,83,201
1730503815132,POST,83,201
1730503815133,POST,84,201
1730503815132,POST,85,201
1730503815132,POST,86,201
1730503815133,POST,85,201
1730503815133,POST,86,201
1730503815133,POST,87,201
1730503815132,POST,90,201
1730503815132,POST,90,201
1730503815133,POST,89,201
1730503815157,POST,67,201
1730503815157,POST,68,201
1730503815157,POST,69,201
1730503815157,POST,69,201
1730503815132,POST,97,201
1730503815133,POST,96,201
1730503815132,POST,97,201
1730503815132,POST,97,201
1730503815133,POST,97,201
1730503815132,POST,100,201
1730503815132,POST,103,201
1730503815133,POST,102,201
1730503815132,POST,103,201
1730503815133,POST,102,201
1730503815132,POST,104,201
1730503815132,POST,109,201
1730503815133,POST,108,201
1730503815133,POST,110,201
1730503815218,POST,63,201
1730503815209,POST,73,201
1730503815220,POST,65,201
1730503815211,POST,74,201
1730503815218,POST,67,201
1730503815217,POST,68,201
1730503815222,POST,64,201
1730503815210,POST,76,201
1730503815222,POST,65,201
1730503815222,POST,68,201
1730503815217,POST,73,201
1730503815229,POST,61,201
1730503815229,POST,62,201
1730503815229,POST,63,201
1730503815225,POST,67,201
1730503815226,POST,67,201
1730503815229,POST,65,201
1730503815230,POST,65,201
1730503815235,POST,62,201
1730503815235,POST,62,201
1730503815224,POST,74,201
1730503815235,POST,64,201
1730503815235,POST,66,201
1730503815232,POST,69,201
1730503815215,POST,92,201
1730503815242,POST,69,201
1730503815219,POST,92,201
1730503815215,POST,117,201
1730503815242,POST,92,201
1730503815226,POST,109,201
1730503815285,POST,50,201
1730503815281,POST,60,201
1730503815243,POST,98,201
1730503815290,POST,51,201
1730503815285,POST,56,201
1730503815285,POST,56,201
1730503815286,POST,320,201
1730503815287,POST,319,201
1730503815290,POST,316,201
1730503815285,POST,321,201
1730503815295,POST,312,201
1730503815293,POST,314,201
1730503815292,POST,315,201
1730503815282,POST,325,201
1730503815298,POST,309,201
1730503815301,POST,306,201
1730503815292,POST,315,201
1730503815297,POST,311,201
1730503815311,POST,297,201
1730503815290,POST,318,201
1730503815301,POST,307,201
1730503815307,POST,301,201
1730503815294,POST,314,201
1730503815291,POST,317,201
1730503815297,POST,311,201
1730503815312,POST,296,201
1730503815236,POST,372,201
1730503815332,POST,276,201
1730503815299,POST,309,201
1730503815334,POST,274,201
1730503815336,POST,272,201
1730503815286,POST,322,201
1730503815335,POST,274,201
1730503815341,POST,335,201
1730503815341,POST,336,201
1730503815341,POST,336,201
1730503815341,POST,336,201
1730503815608,POST,71,201
1730503815608,POST,71,201
1730503815607,POST,74,201
1730503815608,POST,73,201
1730503815608,POST,73,201
1730503815608,POST,77,201
1730503815608,POST,80,201
1730503815608,POST,83,201
1730503815608,POST,83,201
1730503815609,POST,82,201
1730503815607,POST,87,201
1730503815606,POST,88,201
1730503815607,POST,87,201
1730503815607,POST,87,201
1730503815608,POST,86,201
1730503815608,POST,88,201
1730503815606,POST,90,201
1730503815607,POST,89,201
1730503815608,POST,88,201
1730503815608,POST,88,201
1730503815606,POST,96,201
1730503815608,POST,94,201
1730503815606,POST,97,201
1730503815341,POST,362,201
1730503815608,POST,95,201
1730503815608,POST,95,201
1730503815607,POST,96,201
1730503815608,POST,95,201
1730503815681,POST,76,201
1730503815677,POST,80,201
1730503815691,POST,66,201
1730503815677,POST,80,201
1730503815691,POST,66,201
1730503815677,POST,82,201
1730503815694,POST,70,201
1730503815685,POST,79,201
1730503815694,POST,70,201
1730503815681,POST,83,201
1730503815694,POST,70,201
1730503815688,POST,76,201
1730503815696,POST,68,201
1730503815696,POST,68,201
1730503815679,POST,85,201
1730503815696,POST,68,201
1730503815676,POST,88,201
1730503815696,POST,69,201
1730503815696,POST,69,201
1730503815694,POST,72,201
1730503815691,POST,75,201
1730503815703,POST,65,201
1730503815703,POST,65,201
1730503815703,POST,65,201
1730503815703,POST,65,201
1730503815702,POST,66,201
1730503815694,POST,74,201
1730503815703,POST,65,201
1730503815702,POST,66,201
1730503815681,POST,87,201
1730503815703,POST,66,201
1730503815757,POST,54,201
1730503815757,POST,56,201
1730503815757,POST,59,201
1730503815757,POST,59,201
1730503815759,POST,61,201
1730503815764,POST,56,201
1730503815757,POST,63,201
1730503815765,POST,55,201
1730503815764,POST,63,201
1730503815764,POST,63,201
1730503815769,POST,58,201
1730503815764,POST,63,201
1730503815764,POST,63,201
1730503815768,POST,59,201
1730503815764,POST,63,201
1730503815764,POST,63,201
1730503815768,POST,60,201
1730503815811,POST,282,201
1730503815764,POST,329,201
1730503815768,POST,325,201
1730503815768,POST,326,201
1730503815820,POST,274,201
1730503815816,POST,278,201
1730503815768,POST,326,201
1730503815820,POST,274,201
1730503815816,POST,278,201
1730503815766,POST,328,201
1730503815813,POST,281,201
1730503815764,POST,330,201
1730503815764,POST,330,201
1730503815765,POST,329,201
1730503815769,POST,325,201
1730503815768,POST,326,201
1730503815766,POST,328,201
1730503815764,POST,330,201
1730503815768,POST,327,201
1730503815820,POST,275,201
1730503815768,POST,327,201
1730503815820,POST,275,201
1730503815827,POST,354,201
1730503815827,POST,354,201
1730503815827,POST,354,201
1730503815827,POST,354,201
1730503815827,POST,354,201
1730503815827,POST,354,201
1730503815827,POST,354,201
1730503815827,POST,354,201
1730503815828,POST,353,201
1730503815679,POST,566,201
1730503816095,POST,150,201
1730503816094,POST,151,201
1730503816094,POST,152,201
1730503816094,POST,152,201
1730503816094,POST,152,201
1730503816094,POST,152,201
1730503816094,POST,152,201
1730503816094,POST,152,201
1730503816095,POST,151,201
1730503816094,POST,152,201
1730503816095,POST,151,201
1730503816095,POST,151,201
1730503816094,POST,152,201
1730503816094,POST,152,201
1730503816094,POST,153,201
1730503816094,POST,153,201
1730503816094,POST,153,201
1730503816093,POST,154,201
1730503816094,POST,153,201
1730503816094,POST,153,201
1730503816094,POST,153,201
1730503816094,POST,153,201
1730503816181,POST,91,201
1730503816246,POST,35,201
1730503816245,POST,36,201
1730503816181,POST,102,201
1730503816181,POST,102,201
1730503816181,POST,103,201
1730503816246,POST,38,201
1730503816182,POST,103,201
1730503816181,POST,104,201
1730503816247,POST,40,201
1730503816181,POST,106,201
1730503816246,POST,43,201
1730503816181,POST,121,201
1730503816246,POST,57,201
1730503816246,POST,57,201
1730503816246,POST,57,201
1730503816246,POST,59,201
1730503816247,POST,58,201
1730503816246,POST,59,201
1730503816246,POST,60,201
1730503816246,POST,61,201
1730503816247,POST,61,201
1730503816247,POST,62,201
1730503816246,POST,64,201
1730503816246,POST,65,201
1730503816247,POST,64,201
1730503816272,POST,40,201
1730503816247,POST,65,201
1730503816245,POST,68,201
1730503816246,POST,68,201
1730503816247,POST,67,201
1730503816247,POST,78,201
1730503816181,POST,147,201
1730503816281,POST,50,201
1730503816313,POST,24,201
1730503816303,POST,34,201
1730503816309,POST,45,201
1730503816328,POST,31,201
1730503816287,POST,77,201
1730503816283,POST,81,201
1730503816284,POST,81,201
1730503816284,POST,81,201
1730503816289,POST,77,201
1730503816283,POST,83,201
1730503816285,POST,81,201
1730503816285,POST,81,201
1730503816287,POST,80,201
1730503816302,POST,65,201
1730503816303,POST,65,201
1730503816305,POST,64,201
1730503816305,POST,65,201
1730503816306,POST,64,201
1730503816304,POST,67,201
1730503816305,POST,68,201
1730503816310,POST,64,201
1730503816312,POST,62,201
1730503816311,POST,64,201
1730503816312,POST,64,201
1730503816311,POST,65,201
1730503816314,POST,62,201
1730503816314,POST,63,201
1730503816281,POST,97,201
1730503816325,POST,56,201
1730503816331,POST,51,201
1730503816307,POST,76,201
1730503816354,POST,29,201
1730503816308,POST,76,201
1730503816337,POST,47,201
1730503816337,POST,73,201
1730503816364,POST,47,201
1730503816364,POST,47,201
1730503816359,POST,52,201
1730503816365,POST,46,201
1730503816366,POST,45,201
1730503816366,POST,45,201
1730503816366,POST,46,201
1730503816367,POST,45,201
1730503816382,POST,294,201
1730503816371,POST,305,201
1730503816377,POST,299,201
1730503816366,POST,310,201
1730503816368,POST,308,201
1730503816381,POST,295,201
1730503816378,POST,298,201
1730503816370,POST,306,201
1730503816376,POST,300,201
1730503816373,POST,303,201
1730503816383,POST,293,201
1730503816374,POST,302,201
1730503816374,POST,302,201
1730503816369,POST,308,201
1730503816376,POST,301,201
1730503816366,POST,311,201
1730503816367,POST,310,201
1730503816384,POST,293,201
1730503816376,POST,301,201
1730503816384,POST,293,201
1730503816383,POST,294,201
1730503816375,POST,302,201
1730503816370,POST,307,201
1730503816412,POST,343,201
1730503816412,POST,345,201
1730503816677,POST,80,201
1730503816411,POST,347,201
1730503816677,POST,81,201
1730503816676,POST,82,201
1730503816411,POST,347,201
1730503816676,POST,84,201
1730503816676,POST,84,201
1730503816677,POST,83,201
1730503816676,POST,84,201
1730503816411,POST,349,201
1730503816676,POST,85,201
1730503816676,POST,86,201
1730503816677,POST,85,201
1730503816677,POST,85,201
1730503816677,POST,86,201
1730503816676,POST,87,201
1730503816677,POST,86,201
1730503816677,POST,86,201
1730503816677,POST,86,201
1730503816676,POST,88,201
1730503816676,POST,88,201
1730503816677,POST,88,201
1730503816676,POST,90,201
1730503816676,POST,90,201
1730503816410,POST,356,201
1730503816411,POST,355,201
1730503816411,POST,356,201
1730503816676,POST,91,201
1730503816676,POST,92,201
1730503816411,POST,357,201
1730503816755,POST,21,201
1730503816758,POST,49,201
1730503816760,POST,49,201
1730503816757,POST,52,201
1730503816758,POST,52,201
1730503816758,POST,53,201
1730503816758,POST,53,201
1730503816766,POST,46,201
1730503816760,POST,54,201
1730503816760,POST,54,201
1730503816760,POST,54,201
1730503816766,POST,51,201
1730503816763,POST,54,201
1730503816762,POST,55,201
1730503816761,POST,57,201
1730503816763,POST,56,201
1730503816762,POST,57,201
1730503816763,POST,60,201
1730503816764,POST,59,201
1730503816764,POST,59,201
1730503816765,POST,58,201
1730503816763,POST,60,201
1730503816763,POST,60,201
1730503816762,POST,64,201
1730503816776,POST,50,201
1730503816767,POST,59,201
1730503816766,POST,60,201
1730503816768,POST,60,201
1730503816767,POST,61,201
1730503816766,POST,62,201
1730503816768,POST,62,201
1730503816808,POST,22,201
1730503816757,POST,73,201
1730503816760,POST,72,201
1730503816810,POST,30,201
1730503816813,POST,36,201
1730503816828,POST,30,201
1730503816809,POST,51,201
1730503816809,POST,52,201
1730503816811,POST,51,201
1730503816830,POST,34,201
1730503816826,POST,38,201
1730503816830,POST,34,201
1730503816828,POST,42,201
1730503816828,POST,42,201
1730503816826,POST,44,201
1730503816826,POST,44,201
1730503816817,POST,324,201
1730503816823,POST,318,201
1730503816823,POST,318,201
1730503816823,POST,318,201
1730503816814,POST,327,201
1730503816814,POST,327,201
1730503816826,POST,315,201
1730503816811,POST,331,201
1730503816832,POST,310,201
1730503816830,POST,312,201
1730503816823,POST,319,201
1730503816818,POST,324,201
1730503816814,POST,328,201
1730503816860,POST,282,201
1730503816817,POST,325,201
1730503816819,POST,323,201
1730503816819,POST,323,201
1730503816823,POST,319,201
1730503816817,POST,325,201
1730503816823,POST,319,201
1730503816840,POST,302,201
1730503816864,POST,278,201
1730503816861,POST,281,201
1730503816849,POST,293,201
1730503816862,POST,280,201
1730503816864,POST,278,201
1730503816858,POST,284,201
1730503816864,POST,278,201
1730503816870,POST,295,201
1730503816870,POST,295,201
1730503816870,POST,295,201
1730503816870,POST,297,201
1730503817142,POST,33,201
1730503817141,POST,36,201
1730503817142,POST,55,201
1730503817142,POST,56,201
1730503817142,POST,58,201
1730503817142,POST,63,201
1730503817142,POST,63,201
1730503817142,POST,64,201
1730503817142,POST,65,201
1730503817142,POST,66,201
1730503817142,POST,66,201
1730503817142,POST,66,201
1730503817142,POST,66,201
1730503817142,POST,67,201
1730503817142,POST,67,201
1730503817141,POST,69,201
1730503817142,POST,69,201
1730503817141,POST,71,201
1730503817142,POST,70,201
1730503817141,POST,72,201
1730503817165,POST,48,201
1730503817142,POST,71,201
1730503817165,POST,49,201
1730503817142,POST,73,201
1730503817141,POST,74,201
1730503817165,POST,51,201
1730503817141,POST,75,201
1730503817142,POST,75,201
1730503817142,POST,75,201
1730503817167,POST,51,201
1730503817142,POST,76,201
1730503817175,POST,45,201
1730503817197,POST,25,201
1730503817177,POST,46,201
1730503817198,POST,26,201
1730503817142,POST,83,201
1730503817200,POST,27,201
1730503817205,POST,47,201
1730503817205,POST,48,201
1730503817206,POST,48,201
1730503817207,POST,47,201
1730503817208,POST,47,201
1730503817208,POST,47,201
1730503817208,POST,47,201
1730503817210,POST,46,201
1730503817209,POST,48,201
1730503817209,POST,48,201
1730503817208,POST,49,201
1730503817212,POST,47,201
1730503817213,POST,46,201
1730503817214,POST,46,201
1730503817213,POST,49,201
1730503817215,POST,49,201
1730503817216,POST,48,201
1730503817216,POST,48,201
1730503817215,POST,50,201
1730503817213,POST,52,201
1730503817217,POST,49,201
1730503817222,POST,45,201
1730503817218,POST,49,201
1730503817220,POST,48,201
1730503817217,POST,52,201
1730503817218,POST,52,201
1730503817225,POST,45,201
1730503817212,POST,60,201
1730503817224,POST,48,201
1730503817252,POST,22,201
1730503817211,POST,63,201
1730503817223,POST,52,201
1730503817227,POST,48,201
1730503817253,POST,32,201
1730503817254,POST,31,201
1730503817256,POST,31,201
1730503817255,POST,32,201
1730503817256,POST,31,201
1730503817257,POST,30,201
1730503817257,POST,31,201
1730503817257,POST,31,201
1730503817255,POST,33,201
1730503817254,POST,36,201
1730503817259,POST,45,201
1730503817263,POST,42,201
1730503817260,POST,46,201
1730503817264,POST,43,201
1730503817265,POST,42,201
1730503817264,POST,44,201
1730503817264,POST,44,201
1730503817259,POST,50,201
1730503817270,POST,39,201
1730503817266,POST,43,201
1730503817267,POST,42,201
1730503817268,POST,43,201
1730503817267,POST,44,201
1730503817265,POST,46,201
1730503817269,POST,43,201
1730503817270,POST,44,201
1730503817272,POST,42,201
1730503817275,POST,40,201
1730503817274,POST,41,201
1730503817274,POST,42,201
1730503817275,POST,41,201
1730503817285,POST,44,201
1730503817304,POST,25,201
1730503817285,POST,44,201
1730503817272,POST,57,201
1730503817290,POST,305,201
1730503817288,POST,307,201
1730503817288,POST,307,201
1730503817287,POST,308,201
1730503817288,POST,307,201
1730503817287,POST,308,201
1730503817287,POST,308,201
1730503817306,POST,289,201
1730503817307,POST,289,201
1730503817308,POST,288,201
1730503817308,POST,288,201
1730503817311,POST,285,201
1730503817305,POST,291,201
1730503817287,POST,309,201
1730503817309,POST,287,201
1730503817309,POST,287,201
1730503817314,POST,282,201
1730503817307,POST,289,201
1730503817312,POST,284,201
1730503817309,POST,287,201
1730503817311,POST,285,201
1730503817309,POST,287,201
1730503817316,POST,280,201
1730503817315,POST,281,201
1730503817314,POST,282,201
1730503817311,POST,285,201
1730503817315,POST,281,201
1730503817316,POST,280,201
1730503817329,POST,291,201
1730503817329,POST,292,201
1730503817329,POST,292,201
1730503817329,POST,293,201
1730503817595,POST,55,201
1730503817595,POST,55,201
1730503817596,POST,54,201
1730503817596,POST,55,201
1730503817596,POST,56,201
1730503817596,POST,56,201
1730503817596,POST,57,201
1730503817596,POST,58,201
1730503817595,POST,60,201
1730503817596,POST,59,201
1730503817595,POST,61,201
1730503817595,POST,61,201
1730503817596,POST,62,201
1730503817595,POST,63,201
1730503817595,POST,63,201
1730503817596,POST,63,201
1730503817596,POST,63,201
1730503817596,POST,64,201
1730503817596,POST,64,201
1730503817596,POST,64,201
1730503817596,POST,65,201
1730503817596,POST,66,201
1730503817595,POST,67,201
1730503817596,POST,67,201
1730503817596,POST,67,201
1730503817596,POST,68,201
1730503817596,POST,69,201
1730503817596,POST,70,201
1730503817623,POST,45,201
1730503817621,POST,47,201
1730503817620,POST,48,201
1730503817621,POST,48,201
1730503817650,POST,26,201
1730503817651,POST,26,201
1730503817650,POST,27,201
1730503817652,POST,26,201
1730503817650,POST,28,201
1730503817653,POST,46,201
1730503817655,POST,47,201
1730503817656,POST,46,201
1730503817654,POST,48,201
1730503817656,POST,46,201
1730503817658,POST,44,201
1730503817658,POST,44,201
1730503817658,POST,52,201
1730503817662,POST,48,201
1730503817661,POST,49,201
1730503817663,POST,47,201
1730503817663,POST,47,201
1730503817659,POST,51,201
1730503817662,POST,48,201
1730503817659,POST,51,201
1730503817660,POST,52,201
1730503817660,POST,52,201
1730503817664,POST,48,201
1730503817668,POST,46,201
1730503817655,POST,60,201
1730503817668,POST,47,201
1730503817668,POST,47,201
1730503817669,POST,46,201
1730503817676,POST,39,201
1730503817666,POST,51,201
1730503817660,POST,58,201
1730503817678,POST,40,201
1730503817678,POST,40,201
1730503817677,POST,45,201
1730503817678,POST,44,201
1730503817699,POST,450,201
1730503817665,POST,484,201
1730503817702,POST,447,201
1730503817710,POST,439,201
1730503817710,POST,439,201
1730503817652,POST,497,201
1730503817718,POST,431,201
1730503817722,POST,428,201
1730503817714,POST,436,201
1730503817702,POST,448,201
1730503817712,POST,438,201
1730503817702,POST,448,201
1730503817710,POST,440,201
1730503817702,POST,448,201
1730503817710,POST,440,201
1730503817715,POST,435,201
1730503817715,POST,435,201
1730503817715,POST,435,201
1730503817702,POST,448,201
1730503817715,POST,435,201
1730503817718,POST,432,201
1730503817722,POST,428,201
1730503817710,POST,440,201
1730503817715,POST,435,201
1730503817710,POST,440,201
1730503817712,POST,438,201
1730503817702,POST,448,201
1730503817712,POST,438,201
1730503817718,POST,433,201
1730503817710,POST,441,201
1730503817717,POST,434,201
1730503817710,POST,441,201
1730503818150,POST,117,201
1730503818149,POST,118,201
1730503818150,POST,121,201
1730503818150,POST,121,201
1730503818151,POST,120,201
1730503818150,POST,121,201
1730503818150,POST,121,201
1730503818150,POST,121,201
1730503818150,POST,121,201
1730503818150,POST,121,201
1730503818150,POST,121,201
1730503818151,POST,121,201
1730503818150,POST,122,201
1730503818150,POST,133,201
1730503818150,POST,133,201
1730503818150,POST,133,201
1730503818150,POST,133,201
1730503818149,POST,134,201
1730503818149,POST,134,201
1730503818150,POST,133,201
1730503818150,POST,133,201
1730503818149,POST,134,201
1730503818150,POST,133,201
1730503818150,POST,133,201
1730503818150,POST,133,201
1730503818150,POST,133,201
1730503818149,POST,134,201
1730503818151,POST,132,201
1730503818151,POST,132,201
1730503818150,POST,134,201
1730503818150,POST,134,201
1730503818150,POST,136,201
1730503818268,POST,23,201
1730503818268,POST,24,201
1730503818271,POST,30,201
1730503818271,POST,30,201
1730503818271,POST,30,201
1730503818271,POST,31,201
1730503818271,POST,32,201
1730503818271,POST,32,201
1730503818271,POST,33,201
1730503818271,POST,33,201
1730503818272,POST,33,201
1730503818272,POST,33,201
1730503818271,POST,36,201
1730503818283,POST,51,201
1730503818283,POST,53,201
1730503818283,POST,53,201
1730503818283,POST,53,201
1730503818286,POST,50,201
1730503818284,POST,52,201
1730503818283,POST,53,201
1730503818283,POST,56,201
1730503818283,POST,56,201
1730503818283,POST,56,201
1730503818303,POST,43,201
1730503818283,POST,63,201
1730503818291,POST,55,201
1730503818283,POST,63,201
1730503818292,POST,54,201
1730503818283,POST,63,201
1730503818283,POST,63,201
1730503818283,POST,63,201
1730503818284,POST,62,201
1730503818283,POST,63,201
1730503818301,POST,45,201
1730503818304,POST,42,201
1730503818303,POST,47,201
1730503818301,POST,49,201
1730503818305,POST,45,201
1730503818302,POST,48,201
1730503818301,POST,49,201
1730503818305,POST,45,201
1730503818304,POST,46,201
1730503818283,POST,70,201
1730503818283,POST,70,201
1730503818307,POST,46,201
1730503818334,POST,19,201
1730503818336,POST,28,201
1730503818336,POST,28,201
1730503818336,POST,34,201
1730503818336,POST,35,201
1730503818336,POST,35,201
1730503818339,POST,34,201
1730503818339,POST,35,201
1730503818346,POST,28,201
1730503818339,POST,35,201
1730503818346,POST,28,201
1730503818336,POST,44,201
1730503818346,POST,34,201
1730503818346,POST,34,201
1730503818346,POST,34,201
1730503818346,POST,34,201
1730503818346,POST,34,201
1730503818346,POST,34,201
1730503818346,POST,34,201
